provincia,anio,hhi
Buenos Aires,2004,0.05624110481941157
Buenos Aires,2005,0.056879805999780216
Buenos Aires,2006,0.05632030361638391
Buenos Aires,2007,0.056302360852686105
Buenos Aires,2008,0.05688195385495556
Buenos Aires,2009,0.05546681280550122
Buenos Aires,2010,0.057202189999311724
Buenos Aires,2011,0.05819579393516537
Buenos Aires,2012,0.05752458830785538
Buenos Aires,2013,0.05820769523608993
Buenos Aires,2014,0.05672864366072237
Buenos Aires,2015,0.057443604664319366
Buenos Aires,2016,0.05785926979580436
Buenos Aires,2017,0.05787078134788601
Buenos Aires,2018,0.05698806049957418
Buenos Aires,2019,0.057455923778238535
Buenos Aires,2020,0.061467720372717485
Buenos Aires,2021,0.059739220201139094
Buenos Aires,2022,0.05965871749589997
Buenos Aires,2023,0.05942045943842413
Buenos Aires,2024,0.06049288957027513
Catamarca,2004,0.21079446099802626
Catamarca,2005,0.21789108712683633
Catamarca,2006,0.20663354239558554
Catamarca,2007,0.18778141527548853
Catamarca,2008,0.15641741735475428
Catamarca,2009,0.14769329918055812
Catamarca,2010,0.13242583515587242
Catamarca,2011,0.11186455431238071
Catamarca,2012,0.1189283374079609
Catamarca,2013,0.10016171350997707
Catamarca,2014,0.10874964843115902
Catamarca,2015,0.08022298260804717
Catamarca,2016,0.08810882766730645
Catamarca,2017,0.07813445456624626
Catamarca,2018,0.07498553621324773
Catamarca,2019,0.07106074470506789
Catamarca,2020,0.07472733236010651
Catamarca,2021,0.07332147757267103
Catamarca,2022,0.0731921864787715
Catamarca,2023,0.07407375460174646
Catamarca,2024,0.07229189140684089
Chaco,2004,0.09154209031257404
Chaco,2005,0.09420732781069273
Chaco,2006,0.09957108354063936
Chaco,2007,0.09684241675481595
Chaco,2008,0.09427934678147948
Chaco,2009,0.08405602255733872
Chaco,2010,0.09764311759786556
Chaco,2011,0.09986209468254068
Chaco,2012,0.08386813950473226
Chaco,2013,0.08406060827685254
Chaco,2014,0.09018065623557135
Chaco,2015,0.08527273020210531
Chaco,2016,0.08319619601710491
Chaco,2017,0.08182113016613843
Chaco,2018,0.08335916996895744
Chaco,2019,0.08148957768322243
Chaco,2020,0.08825062108249823
Chaco,2021,0.08489979620496307
Chaco,2022,0.08679056553539581
Chaco,2023,0.08504734984561166
Chaco,2024,0.08326600882322793
Chubut,2004,0.147793663413919
Chubut,2005,0.14485532914446628
Chubut,2006,0.14379581227759627
Chubut,2007,0.13737472149393334
Chubut,2008,0.13074068364129482
Chubut,2009,0.1513597449355077
Chubut,2010,0.14036800615332454
Chubut,2011,0.13398433773144244
Chubut,2012,0.12726344430997585
Chubut,2013,0.12233720742250659
Chubut,2014,0.12388969162127973
Chubut,2015,0.12695295671033607
Chubut,2016,0.12009228765942999
Chubut,2017,0.10700576853063948
Chubut,2018,0.11442820181189427
Chubut,2019,0.11255520936911968
Chubut,2020,0.11435681835669474
Chubut,2021,0.1097981515705288
Chubut,2022,0.10680007829996147
Chubut,2023,0.10803594258683227
Chubut,2024,0.10199445956345385
Ciudad Autónoma de Buenos Aires,2004,0.06855852625404327
Ciudad Autónoma de Buenos Aires,2005,0.0685749382080214
Ciudad Autónoma de Buenos Aires,2006,0.06818528817256692
Ciudad Autónoma de Buenos Aires,2007,0.07035837827921117
Ciudad Autónoma de Buenos Aires,2008,0.07230713835333911
Ciudad Autónoma de Buenos Aires,2009,0.0700606666711971
Ciudad Autónoma de Buenos Aires,2010,0.07095774994264467
Ciudad Autónoma de Buenos Aires,2011,0.07256248398978868
Ciudad Autónoma de Buenos Aires,2012,0.07165444524767382
Ciudad Autónoma de Buenos Aires,2013,0.07127761590297498
Ciudad Autónoma de Buenos Aires,2014,0.06997346658657787
Ciudad Autónoma de Buenos Aires,2015,0.07054346854029205
Ciudad Autónoma de Buenos Aires,2016,0.07067224390563037
Ciudad Autónoma de Buenos Aires,2017,0.07175735215704541
Ciudad Autónoma de Buenos Aires,2018,0.07227684546883524
Ciudad Autónoma de Buenos Aires,2019,0.07180764992493202
Ciudad Autónoma de Buenos Aires,2020,0.07508449430278666
Ciudad Autónoma de Buenos Aires,2021,0.07606208626780117
Ciudad Autónoma de Buenos Aires,2022,0.07662343643429777
Ciudad Autónoma de Buenos Aires,2023,0.07692074697966772
Ciudad Autónoma de Buenos Aires,2024,0.07636435818358651
Corrientes,2004,0.09451207614496462
Corrientes,2005,0.09232564696750113
Corrientes,2006,0.09432286914147456
Corrientes,2007,0.09778229297878482
Corrientes,2008,0.09982492918128365
Corrientes,2009,0.10118715797249589
Corrientes,2010,0.10253345932442305
Corrientes,2011,0.10378967157608579
Corrientes,2012,0.10107032340822004
Corrientes,2013,0.10158190266597873
Corrientes,2014,0.09861749750357968
Corrientes,2015,0.09952778642283568
Corrientes,2016,0.0949335534406435
Corrientes,2017,0.0956347147674824
Corrientes,2018,0.09529594287981483
Corrientes,2019,0.09244966631640458
Corrientes,2020,0.09872189006453964
Corrientes,2021,0.10021282448122998
Corrientes,2022,0.10176295066068718
Corrientes,2023,0.10312689577512907
Corrientes,2024,0.096059417907703
Córdoba,2004,0.09712840812198688
Córdoba,2005,0.10994342878034907
Córdoba,2006,0.09971287966847946
Córdoba,2007,0.1112939879508001
Córdoba,2008,0.10101225510557794
Córdoba,2009,0.09060808317802199
Córdoba,2010,0.09697568542529277
Córdoba,2011,0.09317358376189147
Córdoba,2012,0.087640117823676
Córdoba,2013,0.09612151916490339
Córdoba,2014,0.09955151167022339
Córdoba,2015,0.1049346370462698
Córdoba,2016,0.10489736772140885
Córdoba,2017,0.10205487367177812
Córdoba,2018,0.08804716673906664
Córdoba,2019,0.10308267210059863
Córdoba,2020,0.10734943710332903
Córdoba,2021,0.10459823457901453
Córdoba,2022,0.09856896954171776
Córdoba,2023,0.08680027791540236
Córdoba,2024,0.09928750301656007
Entre Ríos,2004,0.10760281671783554
Entre Ríos,2005,0.11429317253137966
Entre Ríos,2006,0.10923878885207106
Entre Ríos,2007,0.11452165890922136
Entre Ríos,2008,0.10954813717943797
Entre Ríos,2009,0.10008013983632189
Entre Ríos,2010,0.11396138506372268
Entre Ríos,2011,0.10920652939744983
Entre Ríos,2012,0.10635277525883045
Entre Ríos,2013,0.10882803575052824
Entre Ríos,2014,0.10647040893323784
Entre Ríos,2015,0.10937884148700275
Entre Ríos,2016,0.10384013068910586
Entre Ríos,2017,0.10843911948782207
Entre Ríos,2018,0.10213344959369731
Entre Ríos,2019,0.1081997609403149
Entre Ríos,2020,0.11551122968589846
Entre Ríos,2021,0.10984057912410555
Entre Ríos,2022,0.10954010682013594
Entre Ríos,2023,0.1047926818039126
Entre Ríos,2024,0.11155901619392983
Formosa,2004,0.08482054607853208
Formosa,2005,0.08337897829297145
Formosa,2006,0.08439821904013627
Formosa,2007,0.08722153109653005
Formosa,2008,0.08692502987551742
Formosa,2009,0.08355998960364308
Formosa,2010,0.0850416978576434
Formosa,2011,0.08900166996297727
Formosa,2012,0.08462995417014052
Formosa,2013,0.08499860888447697
Formosa,2014,0.08241895856313562
Formosa,2015,0.08291670858162081
Formosa,2016,0.08255917244972491
Formosa,2017,0.08336835033818943
Formosa,2018,0.08300847007547787
Formosa,2019,0.08172916805904532
Formosa,2020,0.08654601142175124
Formosa,2021,0.08468396396124564
Formosa,2022,0.08589337799619466
Formosa,2023,0.08511502356171137
Formosa,2024,0.08498068581089911
Jujuy,2004,0.06724976558847222
Jujuy,2005,0.06703547699637327
Jujuy,2006,0.0665217921819872
Jujuy,2007,0.06710841765727019
Jujuy,2008,0.06602807391401047
Jujuy,2009,0.06532703302840641
Jujuy,2010,0.06537039712869856
Jujuy,2011,0.06608477146317643
Jujuy,2012,0.06525936354096437
Jujuy,2013,0.06695701250137796
Jujuy,2014,0.06773540499946773
Jujuy,2015,0.06876320826947625
Jujuy,2016,0.06994459115741483
Jujuy,2017,0.07022255674492896
Jujuy,2018,0.06944700467734774
Jujuy,2019,0.07015042021361186
Jujuy,2020,0.07535827991266635
Jujuy,2021,0.06757112421946138
Jujuy,2022,0.06891722132818835
Jujuy,2023,0.07091714291956461
Jujuy,2024,0.06840748605032618
La Pampa,2004,0.11758823835859707
La Pampa,2005,0.12939581782502085
La Pampa,2006,0.11243892242044279
La Pampa,2007,0.11298450350357367
La Pampa,2008,0.11774499880766646
La Pampa,2009,0.11023388671804113
La Pampa,2010,0.11092294780703264
La Pampa,2011,0.11105713305619382
La Pampa,2012,0.11299818906712188
La Pampa,2013,0.1097649125341465
La Pampa,2014,0.1068643799129494
La Pampa,2015,0.1123804902670879
La Pampa,2016,0.11637178421017959
La Pampa,2017,0.11093343095463858
La Pampa,2018,0.10989668848498275
La Pampa,2019,0.11407910780595248
La Pampa,2020,0.11975943625623153
La Pampa,2021,0.12108287731742626
La Pampa,2022,0.12713744558328474
La Pampa,2023,0.12512057695613843
La Pampa,2024,0.13036232716318344
La Rioja,2004,0.0706863612149689
La Rioja,2005,0.06930812890312192
La Rioja,2006,0.06906335148955549
La Rioja,2007,0.07022688144186007
La Rioja,2008,0.06918652874005408
La Rioja,2009,0.06856900688501219
La Rioja,2010,0.06877485319144823
La Rioja,2011,0.07062466643829611
La Rioja,2012,0.06945867201823615
La Rioja,2013,0.07069126759982233
La Rioja,2014,0.0681303095900224
La Rioja,2015,0.07100228960893354
La Rioja,2016,0.07223393020690723
La Rioja,2017,0.07159852832810329
La Rioja,2018,0.07084752594754604
La Rioja,2019,0.07270731253398316
La Rioja,2020,0.0737074498097328
La Rioja,2021,0.0693264255683201
La Rioja,2022,0.06882070772511857
La Rioja,2023,0.06806213919137347
La Rioja,2024,0.07132154421061125
Mendoza,2004,0.079671375568178035
Mendoza,2005,0.07688228422331454
Mendoza,2006,0.07604226803390697
Mendoza,2007,0.07648721244110683
Mendoza,2008,0.07799224318636613
Mendoza,2009,0.0751651071813621
Mendoza,2010,0.07154975362521666
Mendoza,2011,0.07261125541068025
Mendoza,2012,0.07167831602963312
Mendoza,2013,0.07106234154176783
Mendoza,2014,0.06929756137206503
Mendoza,2015,0.07096180738883753
Mendoza,2016,0.07051104165179037
Mendoza,2017,0.06821802032717435
Mendoza,2018,0.06821304769308704
Mendoza,2019,0.06595313261798931
Mendoza,2020,0.06985231501302971
Mendoza,2021,0.06932403333967556
Mendoza,2022,0.06803282245381664
Mendoza,2023,0.06747254127697415
Mendoza,2024,0.06843113519302517
Misiones,2004,0.06594784110669481
Misiones,2005,0.06598126067600238
Misiones,2006,0.06587660590324416
Misiones,2007,0.06492460823116797
Misiones,2008,0.06393268464130605
Misiones,2009,0.061745765135618
Misiones,2010,0.061610881286174125
Misiones,2011,0.06154301438794715
Misiones,2012,0.05972648640277399
Misiones,2013,0.059234479456679305
Misiones,2014,0.05820188662543901
Misiones,2015,0.05769550277426459
Misiones,2016,0.05718563670265301
Misiones,2017,0.057052924717293264
Misiones,2018,0.05687123822477421
Misiones,2019,0.05636995677681068
Misiones,2020,0.06227517550048726
Misiones,2021,0.06118897198807768
Misiones,2022,0.06100591626924769
Misiones,2023,0.06086726767055003
Misiones,2024,0.05925380605718983
Neuquén,2004,0.33783668668923916
Neuquén,2005,0.30140682667345586
Neuquén,2006,0.26988088114607145
Neuquén,2007,0.24522653258396784
Neuquén,2008,0.22350817876074125
Neuquén,2009,0.21533639790539408
Neuquén,2010,0.20320698613754465
Neuquén,2011,0.18327419807997636
Neuquén,2012,0.16719376273099087
Neuquén,2013,0.16062493522007604
Neuquén,2014,0.1615149159222388
Neuquén,2015,0.1567253023363221
Neuquén,2016,0.15573263057314224
Neuquén,2017,0.15410771405026694
Neuquén,2018,0.16616305895502875
Neuquén,2019,0.18960817832931223
Neuquén,2020,0.20702456246220657
Neuquén,2021,0.22546666031759852
Neuquén,2022,0.26576943365727274
Neuquén,2023,0.2938518812856583
Neuquén,2024,0.3337450131109349
Río Negro,2004,0.07653966388211061
Río Negro,2005,0.07561621185901798
Río Negro,2006,0.0781135398500804
Río Negro,2007,0.07664653357300476
Río Negro,2008,0.07542811322144964
Río Negro,2009,0.07398338986169939
Río Negro,2010,0.07342700353257693
Río Negro,2011,0.0744555749096314
Río Negro,2012,0.0748308193278453
Río Negro,2013,0.07413364450940085
Río Negro,2014,0.07123227163046827
Río Negro,2015,0.06994934738973599
Río Negro,2016,0.06900788655870858
Río Negro,2017,0.06850492589068474
Río Negro,2018,0.06941644171625186
Río Negro,2019,0.06850610367660649
Río Negro,2020,0.07190501519634568
Río Negro,2021,0.06739725154112457
Río Negro,2022,0.06667191977279092
Río Negro,2023,0.06808873916863385
Río Negro,2024,0.06761031263504098
Salta,2004,0.07392868722489762
Salta,2005,0.07308029603181064
Salta,2006,0.07936107734674656
Salta,2007,0.07739917598416322
Salta,2008,0.07788073831217762
Salta,2009,0.07120794933061943
Salta,2010,0.07452347816968315
Salta,2011,0.07593808929194018
Salta,2012,0.06990214489018705
Salta,2013,0.0650683908560588
Salta,2014,0.06862331510549559
Salta,2015,0.07299734869618497
Salta,2016,0.06926261702582859
Salta,2017,0.07245274745987072
Salta,2018,0.07184438962828431
Salta,2019,0.07378673035193675
Salta,2020,0.0780164456823482
Salta,2021,0.07419093516728692
Salta,2022,0.07156884642167198
Salta,2023,0.07121341166142707
Salta,2024,0.06965679538675114
San Juan,2004,0.07048286152772348
San Juan,2005,0.07027050229540112
San Juan,2006,0.06591603285387802
San Juan,2007,0.06628477556916967
San Juan,2008,0.06729184936889274
San Juan,2009,0.07285356945100921
San Juan,2010,0.08221714161618694
San Juan,2011,0.0774155144403946
San Juan,2012,0.07524207206229992
San Juan,2013,0.07060178456306343
San Juan,2014,0.0715540885380517
San Juan,2015,0.06857128627977678
San Juan,2016,0.06496693612861672
San Juan,2017,0.06651099465600932
San Juan,2018,0.06378234390792355
San Juan,2019,0.06199924501133191
San Juan,2020,0.06581054209823717
San Juan,2021,0.06377359691124326
San Juan,2022,0.06261157286851729
San Juan,2023,0.06248451788006703
San Juan,2024,0.06688249321085964
San Luis,2004,0.05133237885050707
San Luis,2005,0.05132964724483629
San Luis,2006,0.05114951641187384
San Luis,2007,0.05080414252357603
San Luis,2008,0.0524229500346916
San Luis,2009,0.0533401873060449
San Luis,2010,0.05151337844929314
San Luis,2011,0.05287491258921365
San Luis,2012,0.052877365346663985
San Luis,2013,0.05446138854313928
San Luis,2014,0.05309767282340543
San Luis,2015,0.05529641343189549
San Luis,2016,0.056070809790956945
San Luis,2017,0.05539179427888917
San Luis,2018,0.05324399367349045
San Luis,2019,0.0534981145823301
San Luis,2020,0.0565023671243721
San Luis,2021,0.05556644967669711
San Luis,2022,0.05356677300642852
San Luis,2023,0.052804153217513965
San Luis,2024,0.056315797709916
Santa Cruz,2004,0.3146229214233633
Santa Cruz,2005,0.30166777382651555
Santa Cruz,2006,0.2752455947080139
Santa Cruz,2007,0.23012068553786763
Santa Cruz,2008,0.19727823434150848
Santa Cruz,2009,0.20764243756954745
Santa Cruz,2010,0.20517616721762785
Santa Cruz,2011,0.16435465325405446
Santa Cruz,2012,0.1882005126035968
Santa Cruz,2013,0.1833816789782368
Santa Cruz,2014,0.17500262625462715
Santa Cruz,2015,0.16145988191445854
Santa Cruz,2016,0.15686613128362642
Santa Cruz,2017,0.14784476073101258
Santa Cruz,2018,0.142635119897561
Santa Cruz,2019,0.13980033584079754
Santa Cruz,2020,0.13330563684607705
Santa Cruz,2021,0.11940473723185366
Santa Cruz,2022,0.11046473185075664
Santa Cruz,2023,0.11057789081453925
Santa Cruz,2024,0.1110047240702251
Santa Fe,2004,0.09019192157303979
Santa Fe,2005,0.09531388868165461
Santa Fe,2006,0.0882558080632518
Santa Fe,2007,0.08929155540866152
Santa Fe,2008,0.08622287206410227
Santa Fe,2009,0.0760193008239199
Santa Fe,2010,0.08794648775097852
Santa Fe,2011,0.08007950369768582
Santa Fe,2012,0.0761948948247184
Santa Fe,2013,0.08125124364706922
Santa Fe,2014,0.07924077421488414
Santa Fe,2015,0.08123780307654313
Santa Fe,2016,0.07387083319441047
Santa Fe,2017,0.07755625970566846
Santa Fe,2018,0.07225333690838119
Santa Fe,2019,0.07857653670330243
Santa Fe,2020,0.08503500055121295
Santa Fe,2021,0.08120478838342295
Santa Fe,2022,0.07576412009891378
Santa Fe,2023,0.07135235883038352
Santa Fe,2024,0.08050709163166819
Santiago del Estero,2004,0.12497707790845412
Santiago del Estero,2005,0.1167229103669391
Santiago del Estero,2006,0.13880445467841068
Santiago del Estero,2007,0.14713815645006745
Santiago del Estero,2008,0.1476729755343157
Santiago del Estero,2009,0.13614127026403888
Santiago del Estero,2010,0.154330861528707
Santiago del Estero,2011,0.1600837765742368
Santiago del Estero,2012,0.14975616753689425
Santiago del Estero,2013,0.1695349790844914
Santiago del Estero,2014,0.1806107425178291
Santiago del Estero,2015,0.1776312374995153
Santiago del Estero,2016,0.18232508523929977
Santiago del Estero,2017,0.18384194019413783
Santiago del Estero,2018,0.1658027198347292
Santiago del Estero,2019,0.18721997212066194
Santiago del Estero,2020,0.2010895400155609
Santiago del Estero,2021,0.18299795212856276
Santiago del Estero,2022,0.18919810719540595
Santiago del Estero,2023,0.16936625283380907
Santiago del Estero,2024,0.1676640177031753
"Tierra del Fuego, Antártida e Islas del Atlántico Sur",2004,0.09945817513902523
"Tierra del Fuego, Antártida e Islas del Atlántico Sur",2005,0.08889972568332327
"Tierra del Fuego, Antártida e Islas del Atlántico Sur",2006,0.08101295547941298
"Tierra del Fuego, Antártida e Islas del Atlántico Sur",2007,0.07344655347244368
"Tierra del Fuego, Antártida e Islas del Atlántico Sur",2008,0.07581998301270998
"Tierra del Fuego, Antártida e Islas del Atlántico Sur",2009,0.07883840168570876
"Tierra del Fuego, Antártida e Islas del Atlántico Sur",2010,0.0780443000206876
"Tierra del Fuego, Antártida e Islas del Atlántico Sur",2011,0.10386924797295616
"Tierra del Fuego, Antártida e Islas del Atlántico Sur",2012,0.11757600111138951
"Tierra del Fuego, Antártida e Islas del Atlántico Sur",2013,0.1154747858667331
"Tierra del Fuego, Antártida e Islas del Atlántico Sur",2014,0.0947037712470373
"Tierra del Fuego, Antártida e Islas del Atlántico Sur",2015,0.09910484585244615
"Tierra del Fuego, Antártida e Islas del Atlántico Sur",2016,0.09508438501927875
"Tierra del Fuego, Antártida e Islas del Atlántico Sur",2017,0.09446616572581476
"Tierra del Fuego, Antártida e Islas del Atlántico Sur",2018,0.09225818118587743
"Tierra del Fuego, Antártida e Islas del Atlántico Sur",2019,0.08211670583961928
"Tierra del Fuego, Antártida e Islas del Atlántico Sur",2020,0.10052567571446126
"Tierra del Fuego, Antártida e Islas del Atlántico Sur",2021,0.09982066063810488
"Tierra del Fuego, Antártida e Islas del Atlántico Sur",2022,0.10152561500093295
"Tierra del Fuego, Antártida e Islas del Atlántico Sur",2023,0.09445523742542965
"Tierra del Fuego, Antártida e Islas del Atlántico Sur",2024,0.0781211097744765
Tucumán,2004,0.07785402574202106
Tucumán,2005,0.07808513546197708
Tucumán,2006,0.0787251347464217
Tucumán,2007,0.07641162845284186
Tucumán,2008,0.07479092121801488
Tucumán,2009,0.07330201409758436
Tucumán,2010,0.07345520213445568
Tucumán,2011,0.075968661424352
Tucumán,2012,0.0722824017943404
Tucumán,2013,0.07161900822161324
Tucumán,2014,0.06976892303863842
Tucumán,2015,0.07140455246686779
Tucumán,2016,0.07241626483599829
Tucumán,2017,0.07312266904042375
Tucumán,2018,0.07380108109256746
Tucumán,2019,0.073001321098373
Tucumán,2020,0.07782165228239353
Tucumán,2021,0.0759190257787924
Tucumán,2022,0.07676897550022456
Tucumán,2023,0.07817107498728743
Tucumán,2024,0.07781970684423904
